NOMFASE;NUMRODADA;IDJOGO;NOMSELECAOMANDANTE;NOMSELECAOVISITANTE;DTHJOGO;NUMGOLMANDANTE;NUMGOLVISITANTE;NumGolSelecaoMandanteProrrogacao;NumGolSelecaoVisitanteProrrogacao;NumPenaltisConvertidoSelecaoMandante;NumPenaltisPerdidoSelecaoMandante;NumPenaltisConvertidoSelecaoVisitante;NumPenaltisPerdidoSelecaoVisitante;INDTERMINOPARTIDA;DSCVENCEDORJOGO;NOMESTADIO;NUMPUBLICOPRESENTE;NOMARBITRO;NOMASSISTENTE01;NOMASSISTENTE02;NOMQUARTOARBITRO
FASE DE GRUPO;1ª RODADA;1;CATAR;EQUADOR;2022-11-20 13:00:00;0;2;0;0;0;0;0;0;NORMAL;EQUADOR;AL BAYT STADIUM;67372;DANIELE ORSATO;CIRO CARBONE;ALESSANDRO GIALLATINI;ISTVAN KOVACS
FASE DE GRUPO;1ª RODADA;7;INGLATERRA;IRÃ;2022-11-21 10:00:00;6;2;0;0;0;0;0;0;NORMAL;INGLATERRA;KHALIFA INTERNACIONAL STADIUM;45334;RAPHAEL CLAUS;RODRIGO FIGUEIREDO HENRIQUE CORREA;DANILO RICARDO SIMON MANIS;KEVIN ORTEGA
FASE DE GRUPO;1ª RODADA;2;SENEGAL;HOLANDA;2022-11-21 13:00:00;0;2;0;0;0;0;0;0;NORMAL;HOLANDA;AL THUMAMA STADIUM;41721;WILTON PEREIRA SAMPAIO;BRUNO BOSCHILIA;BRUNO RAPHAEL PIRES;ANDRÉS MATONTE
FASE DE GRUPO;1ª RODADA;8;EUA;PAÍS DE GALES;2022-11-21 16:00:00;1;1;0;0;0;0;0;0;NORMAL;EMPATE;AHMAD BIN ALI STADIUM;43418;AL JASSIM ABDULRAHMAN;TALEB AL MARRI;SAOUD AHMED ALMAQALEH;MA NING
FASE DE GRUPO;1ª RODADA;13;ARGENTINA;ARÁBIA SAUDITA;2022-11-22 07:00:00;1;2;0;0;0;0;0;0;NORMAL;ARÁBIA SAUDITA;LUSAIL STADIUM;88012;SLAVKO VINCIC;TOMAZ KLANCNIK;ANDRAZ KOVACIC;MAGUETTE NDIAYE
FASE DE GRUPO;1ª RODADA;19;DINAMARCA;TUNÍSIA;2022-11-22 10:00:00;0;0;0;0;0;0;0;0;NORMAL;EMPATE;EDUCATION CITY STADIUM;42925;CÉSAR RAMOS;ALBERTO MORÍN;MIGUEL ÁNGEL HERNÁNDEZ;SAÍD MARTÍNEZ
FASE DE GRUPO;1ª RODADA;14;MÉXICO;POLÔNIA;2022-11-22 13:00:00;0;0;0;0;0;0;0;0;NORMAL;EMPATE;AL JANOUD STADIUM;39369;CHRIS BEATH;ANTON SCHETININ;ASHLEY BEECHAM;STÉPHANIE FRAPPART
FASE DE GRUPO;1ª RODADA;20;FRANÇA;AUSTRÁLIA;2022-11-22 16:00:00;4;1;0;0;0;0;0;0;NORMAL;FRANÇA;AL JANOUD STADIUM;40875;VICTOR GOMES;ZAKHELE SIWELA;SOURU PHATSOANE;SALIMA MUKANSANGA
FASE DE GRUPO;1ª RODADA;31;MORROCOS;CROÁCIA;2022-11-23 07:00:00;0;0;0;0;0;0;0;0;NORMAL;EMPATE;AL BAYT STADIUM;59407;FERNANDO RAPALLINI;JUAN PABLO BELATTI;DIEGO BONFA;KEVIN ORTEGA
FASE DE GRUPO;1ª RODADA;25;ALEMANHA;JAPÃO;2022-11-23 10:00:00;1;2;0;0;0;0;0;0;NORMAL;JAPÃO;KHALIFA INTERNACIONAL STADIUM;42608;IVAN ARCIDES BARTON CISNEROS;DAVID JONATHAN MORÁN SANTOS;ZACHARI ZEEGELAAR;HÉCTOR SAID MARTÍNEZ SORTO
FASE DE GRUPO;1ª RODADA;26;ESPANHA;COSTA RICA;2022-11-23 13:00:00;7;0;0;0;0;0;0;0;NORMAL;ESPANHA;AL THUMAMA STADIUM;40013;MOHAMMED ABDULLA HASSAN;SULTAN MOHAMED AL HAMMADI;HASAN AL-MAHRI;MA NING
FASE DE GRUPO;1ª RODADA;32;BÉLGICA;CANADA;2022-11-23 16:00:00;1;0;0;0;0;0;0;0;NORMAL;BÉLGICA;AHMAD BIN ALI STADIUM;40432;JANNY SIKAZWE;JERSON EMILIANO;ARSENIO MARINGULE;YOSHIMI YAMASHITA
FASE DE GRUPO;1ª RODADA;37;SUIÇA;CAMARÕES;2022-11-24 07:00:00;1;0;0;0;0;0;0;0;NORMAL;SUIÇA;AL JANOUD STADIUM;39089;FACUNDO TELLO;EZEQUIEL BRAILOSVKY;GABRIEL CHADE;SAÍD MARTÍNEZ
FASE DE GRUPO;1ª RODADA;43;URUGUAI;COREIA DO SUL;2022-11-24 10:00:00;0;0;0;0;0;0;0;0;NORMAL;EMPATE;EDUCATION CITY STADIUM;41663;FACUNDO TELLO;NICOLAS DANOS;CYRIL GRINGORE;ISTVAN KOVACS
FASE DE GRUPO;1ª RODADA;44;PORTUGAL;GANA;2022-11-24 13:00:00;3;2;0;0;0;0;0;0;NORMAL;PORTUGAL;STADIUM 974;42662;ISMAIL ELFATH;KYLE ATKINS;COREY PARKER;STÉPHANIE FRAPPART
FASE DE GRUPO;1ª RODADA;38;BRASIL;SÉRVIA;2022-11-24 16:00:00;2;0;0;0;0;0;0;0;NORMAL;BRASIL;LUSAIL STADIUM;88103;ALIREZA FAGHANI;MOHAMMADREZA MANSOURI;MOHAMMADREZA ABOLFAZLI;MAGUETTE NDIAYE
FASE DE GRUPO;2ª RODADA;9;PAÍS DE GALES;IRÃ;2022-11-25 07:00:00;0;2;0;0;0;0;0;0;NORMAL;IRÃ;AHMAD BIN ALI STADIUM;40875;MARIO ESCOBAR;CALEB WALES;JUAN MORA;MAGUETTE NDIAYE
FASE DE GRUPO;2ª RODADA;3;CATAR;SENEGAL;2022-11-25 10:00:00;1;3;0;0;0;0;0;0;NORMAL;SENEGAL;AL THUMAMA STADIUM;41797;MATEU LAHOZ;PAU DEVIS;ROBERTO DÍAZ PÉREZ DEL PALOMAR;KEVIN ORTEGA
FASE DE GRUPO;2ª RODADA;4;HOLANDA;EQUADOR;2022-11-25 13:00:00;1;1;0;0;0;0;0;0;NORMAL;EMPATE;KHALIFA INTERNACIONAL STADIUM;44833;MUSTAPHA GHORBAL;MOKRANE GOURARI;ABDELHAK ETCHIALI;HÉCTOR SAID MARTÍNEZ SORTO
FASE DE GRUPO;2ª RODADA;10;INGLATERRA;EUA;2022-11-25 16:00:00;0;0;0;0;0;0;0;0;NORMAL;EMPATE;AL BAYT STADIUM;68463;JESÚS VALENZUELA;JORGE URREGO MARTÍNEZ;TULIO MORENO;YOSHIMI YAMASHITA
FASE DE GRUPO;2ª RODADA;21;TUNÍSIA;AUSTRÁLIA;2022-11-26 07:00:00;0;1;0;0;0;0;0;0;NORMAL;AUSTRÁLIA;AL JANOUD STADIUM;41823;DANIEL SIEBERT;RAFAEL FOLTYN;JAN SEIDEL;SAÍD MARTÍNEZ
FASE DE GRUPO;2ª RODADA;15;POLÔNIA;ARÁBIA SAUDITA;2022-11-26 10:00:00;2;0;0;0;0;0;0;0;NORMAL;POLÔNIA;EDUCATION CITY STADIUM;44259;WILTON PEREIRA SAMPAIO;BRUNO BOSCHILIA;BRUNO RAPHAEL PIRES;KEVIN ORTEGA
FASE DE GRUPO;2ª RODADA;22;FRANÇA;DINAMARCA;2022-11-26 13:00:00;2;1;0;0;0;0;0;0;NORMAL;FRANÇA;STADIUM 974;42860;SZYMON MARCINIAK;PAWEL SOKOLNICKI;TOMASZ LISTKIEWICZ;MA NING
FASE DE GRUPO;2ª RODADA;16;ARGENTINA;MÉXICO;2022-11-26 16:00:00;2;0;0;0;0;0;0;0;NORMAL;ARGENTINA;LUSAIL STADIUM;88966;DANIELE ORSATO;CIRO CARBONE;ALESSANDRO GIALLATINI;ISTVAN KOVACS
FASE DE GRUPO;2ª RODADA;27;JAPÃO;COSTA RICA;2022-11-27 07:00:00;0;1;0;0;0;0;0;0;NORMAL;COSTA RICA;AHMAD BIN ALI STADIUM;41479;TOMASZ LISTKIEWICZ;MICHAEL OLIVER;STUART BURT;MAGUETTE NDIAYE
FASE DE GRUPO;2ª RODADA;33;BÉLGICA;MORROCOS;2022-11-27 10:00:00;0;2;0;0;0;0;0;0;NORMAL;MORROCOS;AL THUMAMA STADIUM;43738;CÉSAR RAMOS;ALBERTO MORÍN;MIGUEL ÁNGEL HERNÁNDEZ;YOSHIMI YAMASHITA
FASE DE GRUPO;2ª RODADA;34;CROÁCIA;CANADA;2022-11-27 13:00:00;4;1;0;0;0;0;0;0;NORMAL;CROÁCIA;KHALIFA INTERNACIONAL STADIUM;44374;ANDRÉS MATONTE;NICOLÁS TARÁN;MARTÍN SOPPI;KEVIN ORTEGA
FASE DE GRUPO;2ª RODADA;28;ESPANHA;ALEMANHA;2022-11-27 16:00:00;1;1;0;0;0;0;0;0;NORMAL;EMPATE;AL BAYT STADIUM;68895;DANNY MAKKELIE;HESSEL STEEGSTRA;JAN DE VRIES;ISTVAN KOVACS
FASE DE GRUPO;2ª RODADA;39;CAMARÕES;SÉRVIA;2022-11-28 07:00:00;3;3;0;0;0;0;0;0;NORMAL;EMPATE;AL JANOUD STADIUM;39789;MOHAMMED ABDULLA HASSAN;SULTAN MOHAMED AL HAMMADI;HASAN AL-MAHRI;MA NING
FASE DE GRUPO;2ª RODADA;45;COREIA DO SUL;GANA;2022-11-28 10:00:00;2;3;0;0;0;0;0;0;NORMAL;GANA;EDUCATION CITY STADIUM;43983;ANTHONY TAYLOR;GARY BESWICK;ADAM NUNN;KEVIN ORTEGA
FASE DE GRUPO;2ª RODADA;40;BRASIL;SUIÇA;2022-11-28 13:00:00;1;0;0;0;0;0;0;0;NORMAL;BRASIL;STADIUM 974;43983;IVAN ARCIDES BARTON CISNEROS;DAVID JONATHAN MORÁN SANTOS;ZACHARI ZEEGELAAR;SAÍD MARTÍNEZ
FASE DE GRUPO;2ª RODADA;46;PORTUGAL;URUGUAI;2022-11-28 16:00:00;2;0;0;0;0;0;0;0;NORMAL;PORTUGAL;LUSAIL STADIUM;88668;ALIREZA FAGHANI;MOHAMMADREZA MANSOURI;MOHAMMADREZA ABOLFAZLI;ABDULRAHMAN AL-JASSIM
FASE DE GRUPO;3ª RODADA;5;HOLANDA;CATAR;2022-11-29 12:00:00;2;0;0;0;0;0;0;0;NORMAL;HOLANDA;AL BAYT STADIUM;66784;ALIREZA FAGHANI;MOHAMMADREZA MANSOURI;MOHAMMADREZA ABOLFAZLI;ABDULRAHMAN AL-JASSIM
FASE DE GRUPO;3ª RODADA;6;EQUADOR;SENEGAL;2022-11-29 12:00:00;1;2;0;0;0;0;0;0;NORMAL;SENEGAL;KHALIFA INTERNACIONAL STADIUM;44569;CLÉMENT TURPIN;NICOLAS DANOS;CYRIL GRINGORE;ISTVAN KOVACS
FASE DE GRUPO;3ª RODADA;11;PAÍS DE GALES;INGLATERRA;2022-11-29 16:00:00;0;3;0;0;0;0;0;0;NORMAL;INGLATERRA;AHMAD BIN ALI STADIUM;44259;BAKARY GASSAMA;ELVIS NOUPUE;MAHMOUD AHMED KAMEL ABO EL REGAL;MA NING
FASE DE GRUPO;3ª RODADA;12;IRÃ;EUA;2022-11-29 16:00:00;0;1;0;0;0;0;0;0;NORMAL;EUA;AL THUMAMA STADIUM;42127;MATEU LAHOZ;PAU DEVIS;ROBERTO DÍAZ PÉREZ DEL PALOMAR;KEVIN ORTEGA
FASE DE GRUPO;3ª RODADA;23;TUNÍSIA;FRANÇA;2022-11-30 12:00:00;1;0;0;0;0;0;0;0;NORMAL;TUNÍSIA;EDUCATION CITY STADIUM;43627;MATTHEW CONGER;MARK RULE;TEVITA MAKASINI;SALIMA MUKANSANGA
FASE DE GRUPO;3ª RODADA;24;AUSTRÁLIA;DINAMARCA;2022-11-30 12:00:00;1;0;0;0;0;0;0;0;NORMAL;AUSTRÁLIA;AL JANOUD STADIUM;41232;MUSTAPHA GHORBAL;MOKRANE GOURARI;ABDELHAK ETCHIALI;MAGUETTE NDIAYE
FASE DE GRUPO;3ª RODADA;17;POLÔNIA;ARGENTINA;2022-11-30 16:00:00;0;2;0;0;0;0;0;0;NORMAL;ARGENTINA;STADIUM 974;44089;DANNY MAKKELIE;HESSEL STEEGSTRA;JAN DE VRIES;SAÍD MARTÍNEZ
FASE DE GRUPO;3ª RODADA;18;ARÁBIA SAUDITA;MÉXICO;2022-11-30 16:00:00;1;2;0;0;0;0;0;0;NORMAL;MÉXICO;LUSAIL STADIUM;44259;MICHAEL OLIVER;STUART BURT;SIMON BENNETT;ISTVAN KOVACS
FASE DE GRUPO;3ª RODADA;35;CROÁCIA;BÉLGICA;2022-12-01 12:00:00;0;0;0;0;0;0;0;0;NORMAL;EMPATE;AHMAD BIN ALI STADIUM;43984;ANTHONY TAYLOR;GARY BESWICK;ADAM NUNN;ISTVAN KOVACS
FASE DE GRUPO;3ª RODADA;36;CANADA;MORROCOS;2022-12-01 12:00:00;1;2;0;0;0;0;0;0;NORMAL;MORROCOS;AL THUMAMA STADIUM;43102;RAPHAEL CLAUS;RODRIGO FIGUEIREDO HENRIQUE CORREA;DANILO RICARDO SIMON MANIS;YOSHIMI YAMASHITA
FASE DE GRUPO;3ª RODADA;29;JAPÃO;ESPANHA;2022-12-01 16:00:00;2;1;0;0;0;0;0;0;NORMAL;JAPÃO;KHALIFA INTERNACIONAL STADIUM;44851;VICTOR GOMES;ZAKHELE SIWELA;SOURU PHATSOANE;SALIMA MUKANSANGA
FASE DE GRUPO;3ª RODADA;30;COSTA RICA;ALEMANHA;2022-12-01 16:00:00;2;4;0;0;0;0;0;0;NORMAL;ALEMANHA;AL BAYT STADIUM;44259;STÉPHANIE FRAPPART;NEUZA INES BACK;KAREN DIAZ MEDINA;SAÍD MARTÍNEZ
FASE DE GRUPO;3ª RODADA;47;COREIA DO SUL;PORTUGAL;2022-12-02 12:00:00;2;1;0;0;0;0;0;0;NORMAL;COREIA DO SUL;EDUCATION CITY STADIUM;44097;FACUNDO TELLO;EZEQUIEL BRAILOSVKY;GABRIEL CHADE;MAGUETTE NDIAYE
FASE DE GRUPO;3ª RODADA;48;GANA;URUGUAI;2022-12-02 12:00:00;0;2;0;0;0;0;0;0;NORMAL;URUGUAI;AL JANOUD STADIUM;43443;DANIEL SIEBERT;JAN SEIDEL;RAFAEL FOLTYN;YOSHIMI YAMASHITA
FASE DE GRUPO;3ª RODADA;41;CAMARÕES;BRASIL;2022-12-02 16:00:00;1;0;0;0;0;0;0;0;NORMAL;CAMARÕES;LUSAIL STADIUM;85986;ISMAIL ELFATH;KYLE ATKINS;COREY PARKER;MA NING
FASE DE GRUPO;3ª RODADA;42;SÉRVIA;SUIÇA;2022-12-02 16:00:00;2;3;0;0;0;0;0;0;NORMAL;SUIÇA;STADIUM 974;41378;FERNANDO RAPALLINI;JUAN PABLO BELATTI;DIEGO BONFA;KEVIN ORTEGA
FINAL;FINAL;63;ARGENTINA;FRANÇA;2022-12-18 12:00:00;2;2;1;1;4;0;2;2;NORMAL;;LUSAIL STADIUM;88966;SZYMON MARCINIAK;PAWEL SOKOLNICKI;TOMASZ LISTKIEWICZ;ISMAIL ELFATH
OITAVAS DE FINAL;OITAVAS DE FINAL 1;49;HOLANDA;EUA;2022-12-03 12:00:00;3;1;0;0;0;0;0;0;NORMAL;;KHALIFA INTERNACIONAL STADIUM;44846;WILTON PEREIRA SAMPAIO;BRUNO BOSCHILIA;BRUNO RAPHAEL PIRES;ANDRÉS MATONTE
OITAVAS DE FINAL;OITAVAS DE FINAL 2;50;ARGENTINA;AUSTRÁLIA;2022-12-03 16:00:00;2;1;0;0;0;0;0;0;NORMAL;;AHMAD BIN ALI STADIUM;45032;SZYMON MARCINIAK;PAWEL SOKOLNICKI;TOMASZ LISTKIEWICZ;MARIO ESCOBAR
OITAVAS DE FINAL;OITAVAS DE FINAL 3;51;JAPÃO;CROÁCIA;2022-12-05 12:00:00;1;1;0;0;1;0;3;0;DISPUTA POR PÊNALTI;;STADIUM 974;42523;ISMAIL ELFATH;COREY PARKER;KYLE ATKINS;MUSTAPHA GHORBAL
OITAVAS DE FINAL;OITAVAS DE FINAL 4;52;BRASIL;COREIA DO SUL;2022-12-05 16:00:00;4;1;0;0;0;0;0;0;NORMAL;;AL JANOUD STADIUM;43547;CLÉMENT TURPIN;NICOLAS DANOS;CYRIL GRINGORE;SLAVKO VINCIC
OITAVAS DE FINAL;OITAVAS DE FINAL 5;53;INGLATERRA;SENEGAL;2022-12-04 16:00:00;3;0;0;0;0;0;0;0;NORMAL;;AL BAYT STADIUM;65985;IVAN ARCIDES BARTON CISNEROS;DAVID JONATHAN MORÁN SANTOS;KATHRYN NESBITT;SAÍD MARTÍNEZ
OITAVAS DE FINAL;OITAVAS DE FINAL 6;54;FRANÇA;POLÔNIA;2022-12-04 12:00:00;3;1;0;0;0;0;0;0;NORMAL;;AL THUMAMA STADIUM;40989;JESÚS VALENZUELA;JORGE URREGO MARTÍNEZ;TULIO MORENO;KEVIN ORTEGA
OITAVAS DE FINAL;OITAVAS DE FINAL 7;55;MORROCOS;ESPANHA;2022-12-06 12:00:00;0;0;0;0;3;0;0;0;DISPUTA POR PÊNALTI;;EDUCATION CITY STADIUM;44667;FERNANDO RAPALLINI;JUAN PABLO BELATTI;DIEGO BONFA;RAPHAEL CLAUS
OITAVAS DE FINAL;OITAVAS DE FINAL 8;56;PORTUGAL;SUIÇA;2022-12-06 16:00:00;6;1;0;0;0;0;0;0;NORMAL;;LUSAIL STADIUM;83720;CÉSAR RAMOS;ALBERTO MORÍN;MIGUEL ÁNGEL HERNÁNDEZ;ISTVAN KOVACS
QUARTAS DE FINAL;QUARTAS DE FINAL 1;58;HOLANDA;ARGENTINA;2022-12-09 16:00:00;2;2;0;0;3;0;4;0;DISPUTA POR PÊNALTI;;LUSAIL STADIUM;88966;MATEU LAHOZ;PAU DEVIS;ROBERTO DÍAZ PÉREZ DEL PALOMAR;VICTOR GOMES
QUARTAS DE FINAL;QUARTAS DE FINAL 2;57;CROÁCIA;BRASIL;2022-12-09 12:00:00;0;0;1;1;4;0;2;0;DISPUTA POR PÊNALTI;;EDUCATION CITY STADIUM;43893;MICHAEL OLIVER;STUART BURT;GARY BESWICK;MUSTAPHA GHORBAL
QUARTAS DE FINAL;QUARTAS DE FINAL 3;60;INGLATERRA;FRANÇA;2022-12-10 16:00:00;1;2;0;0;0;0;0;0;NORMAL;;AL BAYT STADIUM;68895;WILTON PEREIRA SAMPAIO;BRUNO BOSCHILIA;BRUNO RAPHAEL PIRES;MOHAMMED ABDULLA HASSAN
QUARTAS DE FINAL;QUARTAS DE FINAL 4;59;MORROCOS;PORTUGAL;2022-12-10 12:00:00;1;0;0;0;0;0;0;0;NORMAL;;AL THUMAMA STADIUM;44198;FACUNDO TELLO;EZEQUIEL BRAILOSVKY;GABRIEL CHADE;IVAN ARCIDES BARTON CISNEROS
SEMI FINAL;SEMI FINAL 1;61;ARGENTINA;CROÁCIA;2022-12-13 16:00:00;3;0;0;0;0;0;0;0;NORMAL;;LUSAIL STADIUM;88966;DANIELE ORSATO;CIRO CARBONE;ALESSANDRO GIALLATINI;MOHAMMED ABDULLA HASSAN
SEMI FINAL;SEMI FINAL 2;62;FRANÇA;MORROCOS;2022-12-14 16:00:00;2;0;0;0;0;0;0;0;NORMAL;;AL BAYT STADIUM;68294;CÉSAR RAMOS;ALBERTO MORÍN;MIGUEL ÁNGEL HERNÁNDEZ;JESÚS VALENZUELA
TERCEIRO LUGAR;TERCEIRO LUGAR;64;CROÁCIA;MORROCOS;2022-12-17 12:00:00;2;1;0;0;0;0;0;0;NORMAL;;AL BAYT STADIUM;44137;ABDULRAHMAN AL-JASSIM;TALEB AL MARRI;SAOUD AHMED ALMAQALEH;RAPHAEL CLAUS
